Date,Marketing_Year,Quarter,Month,US_Production_M_Bu,US_Imports_M_Bu,US_Food_Use_M_Bu,US_Seed_Use_M_Bu,US_Feed_Residual_Use_M_Bu,US_Total_Domestic_Use_M_Bu,US_Exports_M_Bu,US_Total_Disappearance_M_Bu,US_Beginning_Stocks_M_Bu,US_Ending_Stocks_M_Bu,US_Total_Supply_M_Bu
2009-06-01,2009/10,1,Jun,736.306,9.203999999999999,77.07233333333333,0.47933333333333333,83.792,161.34366666666668,66.55533333333334,227.899,656.505,2209.338,2893.035
2009-07-01,2009/10,1,Jul,736.306,9.203999999999999,77.07233333333333,0.47933333333333333,83.792,161.34366666666668,66.55533333333334,227.899,656.505,2209.338,2893.035
2009-08-01,2009/10,1,Aug,736.306,9.203999999999999,77.07233333333333,0.47933333333333333,83.792,161.34366666666668,66.55533333333334,227.899,656.505,2209.338,2893.035
2009-09-01,2009/10,2,Sep,0.0,8.087333333333333,78.982,14.773333333333333,-27.145,66.61033333333333,84.026,150.63633333333334,2209.338,1781.691,2233.6
2009-10-01,2009/10,2,Oct,0.0,8.087333333333333,78.982,14.773333333333333,-27.145,66.61033333333333,84.026,150.63633333333334,2209.338,1781.691,2233.6
2009-11-01,2009/10,2,Nov,0.0,8.087333333333333,78.982,14.773333333333333,-27.145,66.61033333333333,84.026,150.63633333333334,2209.338,1781.691,2233.6
2009-12-01,2009/10,3,Dec,0.0,9.962666666666667,73.881,0.36833333333333335,10.485999999999999,84.73533333333333,67.00533333333333,151.74066666666667,1781.691,1356.357,1811.579
2010-01-01,2009/10,3,Jan,0.0,9.962666666666667,73.881,0.36833333333333335,10.485999999999999,84.73533333333333,67.00533333333333,151.74066666666667,1781.691,1356.357,1811.579
2010-02-01,2009/10,3,Feb,0.0,9.962666666666667,73.881,0.36833333333333335,10.485999999999999,84.73533333333333,67.00533333333333,151.74066666666667,1781.691,1356.357,1811.579
2010-03-01,2009/10,4,Mar,0.0,12.276000000000002,76.37133333333334,7.033333333333334,-19.734333333333336,63.67033333333333,75.51233333333333,139.18266666666668,1356.357,975.637,1393.185
2010-04-01,2009/10,4,Apr,0.0,12.276000000000002,76.37133333333334,7.033333333333334,-19.734333333333336,63.67033333333333,75.51233333333333,139.18266666666668,1356.357,975.637,1393.185
2010-05-01,2009/10,4,May,0.0,12.276000000000002,76.37133333333334,7.033333333333334,-19.734333333333336,63.67033333333333,75.51233333333333,139.18266666666668,1356.357,975.637,1393.185
2010-06-01,2010/11,1,Jun,721.0076666666668,9.166,78.255,0.49866666666666665,71.67266666666667,150.42633333333333,88.42066666666666,238.847,975.637,2449.617,3166.158
2010-07-01,2010/11,1,Jul,721.0076666666668,9.166,78.255,0.49866666666666665,71.67266666666667,150.42633333333333,88.42066666666666,238.847,975.637,2449.617,3166.158
2010-08-01,2010/11,1,Aug,721.0076666666668,9.166,78.255,0.49866666666666665,71.67266666666667,150.42633333333333,88.42066666666666,238.847,975.637,2449.617,3166.158
2010-09-01,2010/11,2,Sep,0.0,7.921,80.58833333333332,17.142,-21.096999999999998,76.63333333333334,103.51133333333333,180.14466666666667,2449.617,1932.946,2473.38
2010-10-01,2010/11,2,Oct,0.0,7.921,80.58833333333332,17.142,-21.096999999999998,76.63333333333334,103.51133333333333,180.14466666666667,2449.617,1932.946,2473.38
2010-11-01,2010/11,2,Nov,0.0,7.921,80.58833333333332,17.142,-21.096999999999998,76.63333333333334,103.51133333333333,180.14466666666667,2449.617,1932.946,2473.38
2010-12-01,2010/11,3,Dec,0.0,7.765999999999999,73.63199999999999,0.4426666666666667,0.122,74.19666666666667,102.78399999999999,176.98066666666668,1932.946,1425.302,1956.244
2011-01-01,2010/11,3,Jan,0.0,7.765999999999999,73.63199999999999,0.4426666666666667,0.122,74.19666666666667,102.78399999999999,176.98066666666668,1932.946,1425.302,1956.244
2011-02-01,2010/11,3,Feb,0.0,7.765999999999999,73.63199999999999,0.4426666666666667,0.122,74.19666666666667,102.78399999999999,176.98066666666668,1932.946,1425.302,1956.244
2011-03-01,2010/11,4,Mar,0.0,7.453,76.07166666666667,5.4703333333333335,-22.420333333333332,59.12166666666667,135.766,194.88766666666666,1425.302,862.998,1447.661
2011-04-01,2010/11,4,Apr,0.0,7.453,76.07166666666667,5.4703333333333335,-22.420333333333332,59.12166666666667,135.766,194.88766666666666,1425.302,862.998,1447.661
2011-05-01,2010/11,4,May,0.0,7.453,76.07166666666667,5.4703333333333335,-22.420333333333332,59.12166666666667,135.766,194.88766666666666,1425.302,862.998,1447.661
2011-06-01,2011/12,1,Jun,664.3703333333334,6.940333333333334,76.66666666666667,1.5603333333333333,66.927,145.154,98.26633333333332,243.42033333333333,862.998,2146.669,2876.93
2011-07-01,2011/12,1,Jul,664.3703333333334,6.940333333333334,76.66666666666667,1.5603333333333333,66.927,145.154,98.26633333333332,243.42033333333333,862.998,2146.669,2876.93
2011-08-01,2011/12,1,Aug,664.3703333333334,6.940333333333334,76.66666666666667,1.5603333333333333,66.927,145.154,98.26633333333332,243.42033333333333,862.998,2146.669,2876.93
2011-09-01,2011/12,2,Sep,0.0,10.756333333333332,81.33333333333333,16.984666666666666,-5.481000000000001,92.837,79.303,172.14,2146.669,1662.518,2178.938
2011-10-01,2011/12,2,Oct,0.0,10.756333333333332,81.33333333333333,16.984666666666666,-5.481000000000001,92.837,79.303,172.14,2146.669,1662.518,2178.938
2011-11-01,2011/12,2,Nov,0.0,10.756333333333332,81.33333333333333,16.984666666666666,-5.481000000000001,92.837,79.303,172.14,2146.669,1662.518,2178.938
2011-12-01,2011/12,3,Dec,0.0,10.118333333333334,76.973,0.4683333333333333,14.629666666666667,92.07100000000001,72.43833333333333,164.50933333333333,1662.518,1199.345,1692.873
2012-01-01,2011/12,3,Jan,0.0,10.118333333333334,76.973,0.4683333333333333,14.629666666666667,92.07100000000001,72.43833333333333,164.50933333333333,1662.518,1199.345,1692.873
2012-02-01,2011/12,3,Feb,0.0,10.118333333333334,76.973,0.4683333333333333,14.629666666666667,92.07100000000001,72.43833333333333,164.50933333333333,1662.518,1199.345,1692.873
2012-03-01,2011/12,4,Mar,0.0,9.890333333333333,78.82266666666666,6.182666666666666,-23.229333333333333,61.776,100.356,162.132,1199.345,742.62,1229.016
2012-04-01,2011/12,4,Apr,0.0,9.890333333333333,78.82266666666666,6.182666666666666,-23.229333333333333,61.776,100.356,162.132,1199.345,742.62,1229.016
2012-05-01,2011/12,4,May,0.0,9.890333333333333,78.82266666666666,6.182666666666666,-23.229333333333333,61.776,100.356,162.132,1199.345,742.62,1229.016
2012-06-01,2012/13,1,Jun,750.7689999999999,8.503666666666666,79.19933333333334,0.46399999999999997,134.22400000000002,213.88733333333334,87.889,301.7763333333333,742.62,2115.109,3020.438
2012-07-01,2012/13,1,Jul,750.7689999999999,8.503666666666666,79.19933333333334,0.46399999999999997,134.22400000000002,213.88733333333334,87.889,301.7763333333333,742.62,2115.109,3020.438
2012-08-01,2012/13,1,Aug,750.7689999999999,8.503666666666666,79.19933333333334,0.46399999999999997,134.22400000000002,213.88733333333334,87.889,301.7763333333333,742.62,2115.109,3020.438
2012-09-01,2012/13,2,Sep,0.0,10.979,82.199,18.452666666666666,-7.46,93.19166666666666,65.964,159.15566666666666,2115.109,1670.579,2148.046
2012-10-01,2012/13,2,Oct,0.0,10.979,82.199,18.452666666666666,-7.46,93.19166666666666,65.964,159.15566666666666,2115.109,1670.579,2148.046
2012-11-01,2012/13,2,Nov,0.0,10.979,82.199,18.452666666666666,-7.46,93.19166666666666,65.964,159.15566666666666,2115.109,1670.579,2148.046
2012-12-01,2012/13,3,Dec,0.0,11.565,76.323,0.459,1.6483333333333334,78.43033333333334,78.38433333333333,156.81466666666668,1670.579,1234.83,1705.274
2013-01-01,2012/13,3,Jan,0.0,11.565,76.323,0.459,1.6483333333333334,78.43033333333334,78.38433333333333,156.81466666666668,1670.579,1234.83,1705.274
2013-02-01,2012/13,3,Feb,0.0,11.565,76.323,0.459,1.6483333333333334,78.43033333333334,78.38433333333333,156.81466666666668,1670.579,1234.83,1705.274
2013-03-01,2012/13,4,Mar,0.0,10.391333333333334,79.216,5.003333333333333,-6.6323333333333325,77.587,105.118,182.705,1234.83,717.889,1266.004
2013-04-01,2012/13,4,Apr,0.0,10.391333333333334,79.216,5.003333333333333,-6.6323333333333325,77.587,105.118,182.705,1234.83,717.889,1266.004
2013-05-01,2012/13,4,May,0.0,10.391333333333334,79.216,5.003333333333333,-6.6323333333333325,77.587,105.118,182.705,1234.83,717.889,1266.004
2013-06-01,2013/14,1,Jun,711.6596666666666,11.885,78.27433333333333,1.3719999999999999,140.80433333333335,220.45066666666665,119.178,339.6286666666667,717.889,1869.637,2888.523
2013-07-01,2013/14,1,Jul,711.6596666666666,11.885,78.27433333333333,1.3719999999999999,140.80433333333335,220.45066666666665,119.178,339.6286666666667,717.889,1869.637,2888.523
2013-08-01,2013/14,1,Aug,711.6596666666666,11.885,78.27433333333333,1.3719999999999999,140.80433333333335,220.45066666666665,119.178,339.6286666666667,717.889,1869.637,2888.523
2013-09-01,2013/14,2,Sep,0.0,16.008333333333333,83.10000000000001,17.553,-55.989000000000004,44.663999999999994,102.93966666666667,147.60366666666667,1869.637,1474.851,1917.662
2013-10-01,2013/14,2,Oct,0.0,16.008333333333333,83.10000000000001,17.553,-55.989000000000004,44.663999999999994,102.93966666666667,147.60366666666667,1869.637,1474.851,1917.662
2013-11-01,2013/14,2,Nov,0.0,16.008333333333333,83.10000000000001,17.553,-55.989000000000004,44.663999999999994,102.93966666666667,147.60366666666667,1869.637,1474.851,1917.662
2013-12-01,2013/14,3,Dec,0.0,14.013,77.02533333333334,0.648,-0.282,77.39133333333334,75.917,153.30833333333334,1474.851,1056.965,1516.89
2014-01-01,2013/14,3,Jan,0.0,14.013,77.02533333333334,0.648,-0.282,77.39133333333334,75.917,153.30833333333334,1474.851,1056.965,1516.89
2014-02-01,2013/14,3,Feb,0.0,14.013,77.02533333333334,0.648,-0.282,77.39133333333334,75.917,153.30833333333334,1474.851,1056.965,1516.89
2014-03-01,2013/14,4,Mar,0.0,15.582666666666666,79.968,4.9816666666666665,-7.846,77.10366666666667,94.03966666666668,171.14333333333332,1056.965,590.283,1103.713
2014-04-01,2013/14,4,Apr,0.0,15.582666666666666,79.968,4.9816666666666665,-7.846,77.10366666666667,94.03966666666668,171.14333333333332,1056.965,590.283,1103.713
2014-05-01,2013/14,4,May,0.0,15.582666666666666,79.968,4.9816666666666665,-7.846,77.10366666666667,94.03966666666668,171.14333333333332,1056.965,590.283,1103.713
2014-06-01,2014/15,1,Jun,675.4366666666666,14.722333333333333,79.63933333333334,2.1393333333333335,85.23133333333332,167.01,84.17,251.17999999999998,590.283,1907.22,2660.76
2014-07-01,2014/15,1,Jul,675.4366666666666,14.722333333333333,79.63933333333334,2.1393333333333335,85.23133333333332,167.01,84.17,251.17999999999998,590.283,1907.22,2660.76
2014-08-01,2014/15,1,Aug,675.4366666666666,14.722333333333333,79.63933333333334,2.1393333333333335,85.23133333333332,167.01,84.17,251.17999999999998,590.283,1907.22,2660.76
2014-09-01,2014/15,2,Sep,0.0,11.517000000000001,82.729,16.267333333333333,-30.861666666666665,68.13466666666666,69.24566666666666,137.38033333333334,1907.22,1529.63,1941.771
2014-10-01,2014/15,2,Oct,0.0,11.517000000000001,82.729,16.267333333333333,-30.861666666666665,68.13466666666666,69.24566666666666,137.38033333333334,1907.22,1529.63,1941.771
2014-11-01,2014/15,2,Nov,0.0,11.517000000000001,82.729,16.267333333333333,-30.861666666666665,68.13466666666666,69.24566666666666,137.38033333333334,1907.22,1529.63,1941.771
2014-12-01,2014/15,3,Dec,0.0,12.245333333333333,76.95,0.7016666666666667,2.6426666666666665,80.29433333333334,61.692,141.98633333333333,1529.63,1140.407,1566.366
2015-01-01,2014/15,3,Jan,0.0,12.245333333333333,76.95,0.7016666666666667,2.6426666666666665,80.29433333333334,61.692,141.98633333333333,1529.63,1140.407,1566.366
2015-02-01,2014/15,3,Feb,0.0,12.245333333333333,76.95,0.7016666666666667,2.6426666666666665,80.29433333333334,61.692,141.98633333333333,1529.63,1140.407,1566.366
2015-03-01,2014/15,4,Mar,0.0,11.930666666666667,80.11,7.3629999999999995,-19.209,68.264,73.00433333333334,141.26833333333335,1140.407,752.394,1176.199
2015-04-01,2014/15,4,Apr,0.0,11.930666666666667,80.11,7.3629999999999995,-19.209,68.264,73.00433333333334,141.26833333333335,1140.407,752.394,1176.199
2015-05-01,2014/15,4,May,0.0,11.930666666666667,80.11,7.3629999999999995,-19.209,68.264,73.00433333333334,141.26833333333335,1140.407,752.394,1176.199
2015-06-01,2015/16,1,Jun,687.313,8.844666666666667,80.08166666666666,0.31866666666666665,99.27533333333334,179.67566666666667,68.25033333333333,247.92600000000002,752.394,2097.089,2840.867
2015-07-01,2015/16,1,Jul,687.313,8.844666666666667,80.08166666666666,0.31866666666666665,99.27533333333334,179.67566666666667,68.25033333333333,247.92600000000002,752.394,2097.089,2840.867
2015-08-01,2015/16,1,Aug,687.313,8.844666666666667,80.08166666666666,0.31866666666666665,99.27533333333334,179.67566666666667,68.25033333333333,247.92600000000002,752.394,2097.089,2840.867
2015-09-01,2015/16,2,Sep,0.0,9.014666666666667,82.92266666666667,14.743333333333332,-35.733333333333334,61.93266666666667,64.14266666666667,126.07533333333333,2097.089,1745.907,2124.133
2015-10-01,2015/16,2,Oct,0.0,9.014666666666667,82.92266666666667,14.743333333333332,-35.733333333333334,61.93266666666667,64.14266666666667,126.07533333333333,2097.089,1745.907,2124.133
2015-11-01,2015/16,2,Nov,0.0,9.014666666666667,82.92266666666667,14.743333333333332,-35.733333333333334,61.93266666666667,64.14266666666667,126.07533333333333,2097.089,1745.907,2124.133
2015-12-01,2015/16,3,Dec,0.0,11.451666666666666,76.514,0.5636666666666666,0.738,77.81566666666667,58.38433333333333,136.20000000000002,1745.907,1371.662,1780.262
2016-01-01,2015/16,3,Jan,0.0,11.451666666666666,76.514,0.5636666666666666,0.738,77.81566666666667,58.38433333333333,136.20000000000002,1745.907,1371.662,1780.262
2016-02-01,2015/16,3,Feb,0.0,11.451666666666666,76.514,0.5636666666666666,0.738,77.81566666666667,58.38433333333333,136.20000000000002,1745.907,1371.662,1780.262
2016-03-01,2015/16,4,Mar,0.0,8.276666666666666,79.53466666666667,6.761333333333333,-14.486666666666666,71.80933333333333,68.48700000000001,140.29633333333334,1371.662,975.603,1396.492
2016-04-01,2015/16,4,Apr,0.0,8.276666666666666,79.53466666666667,6.761333333333333,-14.486666666666666,71.80933333333333,68.48700000000001,140.29633333333334,1371.662,975.603,1396.492
2016-05-01,2015/16,4,May,0.0,8.276666666666666,79.53466666666667,6.761333333333333,-14.486666666666666,71.80933333333333,68.48700000000001,140.29633333333334,1371.662,975.603,1396.492
2016-06-01,2016/17,1,Jun,769.5543333333334,10.88,79.20700000000001,0.21433333333333335,88.56333333333333,167.98466666666667,89.30733333333335,257.292,975.603,2545.03,3316.906
2016-07-01,2016/17,1,Jul,769.5543333333334,10.88,79.20700000000001,0.21433333333333335,88.56333333333333,167.98466666666667,89.30733333333335,257.292,975.603,2545.03,3316.906
2016-08-01,2016/17,1,Aug,769.5543333333334,10.88,79.20700000000001,0.21433333333333335,88.56333333333333,167.98466666666667,89.30733333333335,257.292,975.603,2545.03,3316.906
2016-09-01,2016/17,2,Sep,0.0,9.830333333333334,81.82833333333333,13.525333333333334,-10.079333333333333,85.27433333333333,79.77933333333333,165.05366666666666,2545.03,2079.36,2574.521
2016-10-01,2016/17,2,Oct,0.0,9.830333333333334,81.82833333333333,13.525333333333334,-10.079333333333333,85.27433333333333,79.77933333333333,165.05366666666666,2545.03,2079.36,2574.521
2016-11-01,2016/17,2,Nov,0.0,9.830333333333334,81.82833333333333,13.525333333333334,-10.079333333333333,85.27433333333333,79.77933333333333,165.05366666666666,2545.03,2079.36,2574.521
2016-12-01,2016/17,3,Dec,0.0,8.212,75.96166666666666,0.43966666666666665,-4.34,72.06133333333334,76.379,148.44033333333334,2079.36,1658.675,2103.996
2017-01-01,2016/17,3,Jan,0.0,8.212,75.96166666666666,0.43966666666666665,-4.34,72.06133333333334,76.379,148.44033333333334,2079.36,1658.675,2103.996
2017-02-01,2016/17,3,Feb,0.0,8.212,75.96166666666666,0.43966666666666665,-4.34,72.06133333333334,76.379,148.44033333333334,2079.36,1658.675,2103.996
2017-03-01,2016/17,4,Mar,0.0,10.417333333333334,79.28566666666667,6.248333333333334,-20.586333333333332,64.94766666666666,104.82733333333334,169.775,1658.675,1180.602,1689.927
2017-04-01,2016/17,4,Apr,0.0,10.417333333333334,79.28566666666667,6.248333333333334,-20.586333333333332,64.94766666666666,104.82733333333334,169.775,1658.675,1180.602,1689.927
2017-05-01,2016/17,4,May,0.0,10.417333333333334,79.28566666666667,6.248333333333334,-20.586333333333332,64.94766666666666,104.82733333333334,169.775,1658.675,1180.602,1689.927
2017-06-01,2017/18,1,Jun,580.3033333333334,14.013,79.58366666666667,0.29923333333333335,54.9201,134.803,97.45566666666667,232.25866666666664,1180.602,2266.775,2963.551
2017-07-01,2017/18,1,Jul,580.3033333333334,14.013,79.58366666666667,0.29923333333333335,54.9201,134.803,97.45566666666667,232.25866666666664,1180.602,2266.775,2963.551
2017-08-01,2017/18,1,Aug,580.3033333333334,14.013,79.58366666666667,0.29923333333333335,54.9201,134.803,97.45566666666667,232.25866666666664,1180.602,2266.775,2963.551
2017-09-01,2017/18,2,Sep,0.0,11.981,83.517,13.359666666666667,-18.236333333333334,78.64033333333333,64.42733333333334,143.06766666666667,2266.775,1873.515,2302.718
2017-10-01,2017/18,2,Oct,0.0,11.981,83.517,13.359666666666667,-18.236333333333334,78.64033333333333,64.42733333333334,143.06766666666667,2266.775,1873.515,2302.718
2017-11-01,2017/18,2,Nov,0.0,11.981,83.517,13.359666666666667,-18.236333333333334,78.64033333333333,64.42733333333334,143.06766666666667,2266.775,1873.515,2302.718
2017-12-01,2017/18,3,Dec,0.0,12.596666666666666,77.61800000000001,0.588,-6.521666666666667,71.68433333333333,66.937,138.62133333333333,1873.515,1495.441,1911.305
2018-01-01,2017/18,3,Jan,0.0,12.596666666666666,77.61800000000001,0.588,-6.521666666666667,71.68433333333333,66.937,138.62133333333333,1873.515,1495.441,1911.305
2018-02-01,2017/18,3,Feb,0.0,12.596666666666666,77.61800000000001,0.588,-6.521666666666667,71.68433333333333,66.937,138.62133333333333,1873.515,1495.441,1911.305
2018-03-01,2017/18,4,Mar,0.0,14.066333333333333,80.65633333333334,6.878666666666667,-14.472,73.063,73.18733333333334,146.25033333333332,1495.441,1098.889,1537.64
2018-04-01,2017/18,4,Apr,0.0,14.066333333333333,80.65633333333334,6.878666666666667,-14.472,73.063,73.18733333333334,146.25033333333332,1495.441,1098.889,1537.64
2018-05-01,2017/18,4,May,0.0,14.066333333333333,80.65633333333334,6.878666666666667,-14.472,73.063,73.18733333333334,146.25033333333332,1495.441,1098.889,1537.64
2018-06-01,2018/19,1,Jun,628.4536666666667,13.628666666666668,79.74733333333333,0.685,63.149,143.58133333333333,68.20700000000001,211.78833333333333,1098.889,2389.771,3025.136
2018-07-01,2018/19,1,Jul,628.4536666666667,13.628666666666668,79.74733333333333,0.685,63.149,143.58133333333333,68.20700000000001,211.78833333333333,1098.889,2389.771,3025.136
2018-08-01,2018/19,1,Aug,628.4536666666667,13.628666666666668,79.74733333333333,0.685,63.149,143.58133333333333,68.20700000000001,211.78833333333333,1098.889,2389.771,3025.136
2018-09-01,2018/19,2,Sep,0.0,10.416,82.17766666666667,12.527333333333333,-25.031666666666666,69.67333333333333,67.50466666666667,137.178,2389.771,2009.485,2421.019
2018-10-01,2018/19,2,Oct,0.0,10.416,82.17766666666667,12.527333333333333,-25.031666666666666,69.67333333333333,67.50466666666667,137.178,2389.771,2009.485,2421.019
2018-11-01,2018/19,2,Nov,0.0,10.416,82.17766666666667,12.527333333333333,-25.031666666666666,69.67333333333333,67.50466666666667,137.178,2389.771,2009.485,2421.019
2018-12-01,2018/19,3,Dec,0.0,10.687,76.38066666666667,0.9460000000000001,-9.137666666666666,68.18900000000001,81.30266666666667,149.49166666666667,2009.485,1593.071,2041.546
2019-01-01,2018/19,3,Jan,0.0,10.687,76.38066666666667,0.9460000000000001,-9.137666666666666,68.18900000000001,81.30266666666667,149.49166666666667,2009.485,1593.071,2041.546
2019-02-01,2018/19,3,Feb,0.0,10.687,76.38066666666667,0.9460000000000001,-9.137666666666666,68.18900000000001,81.30266666666667,149.49166666666667,2009.485,1593.071,2041.546
2019-03-01,2018/19,4,Mar,0.0,10.123666666666667,79.839,5.668,0.381,85.88799999999999,95.339,181.227,1593.071,1079.761,1623.442
2019-04-01,2018/19,4,Apr,0.0,10.123666666666667,79.839,5.668,0.381,85.88799999999999,95.339,181.227,1593.071,1079.761,1623.442
2019-05-01,2018/19,4,May,0.0,10.123666666666667,79.839,5.668,0.381,85.88799999999999,95.339,181.227,1593.071,1079.761,1623.442
2019-06-01,2019/20,1,Jun,644.0056666666667,7.729,79.41566666666667,1.2063333333333335,65.22666666666667,145.84866666666667,83.96466666666667,229.81333333333336,1079.761,2345.525,3034.965
2019-07-01,2019/20,1,Jul,644.0056666666667,7.729,79.41566666666667,1.2063333333333335,65.22666666666667,145.84866666666667,83.96466666666667,229.81333333333336,1079.761,2345.525,3034.965
2019-08-01,2019/20,1,Aug,644.0056666666667,7.729,79.41566666666667,1.2063333333333335,65.22666666666667,145.84866666666667,83.96466666666667,229.81333333333336,1079.761,2345.525,3034.965
2019-09-01,2019/20,2,Sep,0.0,7.494,82.32033333333334,12.427999999999999,3.187,97.93533333333333,77.80866666666667,175.744,2345.525,1840.775,2368.007
2019-10-01,2019/20,2,Oct,0.0,7.494,82.32033333333334,12.427999999999999,3.187,97.93533333333333,77.80866666666667,175.744,2345.525,1840.775,2368.007
2019-11-01,2019/20,2,Nov,0.0,7.494,82.32033333333334,12.427999999999999,3.187,97.93533333333333,77.80866666666667,175.744,2345.525,1840.775,2368.007
2019-12-01,2019/20,3,Dec,0.0,9.438333333333334,78.691,0.624,-7.027,72.288,78.93733333333334,151.22533333333334,1840.775,1415.414,1869.09
2020-01-01,2019/20,3,Jan,0.0,9.438333333333334,78.691,0.624,-7.027,72.288,78.93733333333334,151.22533333333334,1840.775,1415.414,1869.09
2020-02-01,2019/20,3,Feb,0.0,9.438333333333334,78.691,0.624,-7.027,72.288,78.93733333333334,151.22533333333334,1840.775,1415.414,1869.09
2020-03-01,2019/20,4,Mar,0.0,9.978666666666667,80.11333333333333,6.249333333333333,-29.642666666666667,56.72,82.302,139.022,1415.414,1028.284,1445.35
2020-04-01,2019/20,4,Apr,0.0,9.978666666666667,80.11333333333333,6.249333333333333,-29.642666666666667,56.72,82.302,139.022,1415.414,1028.284,1445.35
2020-05-01,2019/20,4,May,0.0,9.978666666666667,80.11333333333333,6.249333333333333,-29.642666666666667,56.72,82.302,139.022,1415.414,1028.284,1445.35
2020-06-01,2020/21,1,Jun,606.5576666666667,9.901,80.28466666666667,0.734,68.358,149.37666666666667,90.56833333333333,239.94500000000002,1028.284,2157.825,2877.66
2020-07-01,2020/21,1,Jul,606.5576666666667,9.901,80.28466666666667,0.734,68.358,149.37666666666667,90.56833333333333,239.94500000000002,1028.284,2157.825,2877.66
2020-08-01,2020/21,1,Aug,606.5576666666667,9.901,80.28466666666667,0.734,68.358,149.37666666666667,90.56833333333333,239.94500000000002,1028.284,2157.825,2877.66
2020-09-01,2020/21,2,Sep,0.0,9.269333333333334,83.084,14.008666666666668,-15.202,81.89066666666666,79.09033333333333,160.981,2157.825,1702.69,2185.633
2020-10-01,2020/21,2,Oct,0.0,9.269333333333334,83.084,14.008666666666668,-15.202,81.89066666666666,79.09033333333333,160.981,2157.825,1702.69,2185.633
2020-11-01,2020/21,2,Nov,0.0,9.269333333333334,83.084,14.008666666666668,-15.202,81.89066666666666,79.09033333333333,160.981,2157.825,1702.69,2185.633
2020-12-01,2020/21,3,Dec,0.0,7.290333333333333,77.20233333333333,0.3396666666666666,-10.128,67.414,70.50966666666666,137.92366666666666,1702.69,1310.79,1724.561
2021-01-01,2020/21,3,Jan,0.0,7.290333333333333,77.20233333333333,0.3396666666666666,-10.128,67.414,70.50966666666666,137.92366666666666,1702.69,1310.79,1724.561
2021-02-01,2020/21,3,Feb,0.0,7.290333333333333,77.20233333333333,0.3396666666666666,-10.128,67.414,70.50966666666666,137.92366666666666,1702.69,1310.79,1724.561
2021-03-01,2020/21,4,Mar,0.0,6.927666666666667,79.604,6.1706666666666665,-14.751333333333333,71.02333333333333,91.11733333333332,162.14066666666668,1310.79,845.151,1331.573
2021-04-01,2020/21,4,Apr,0.0,6.927666666666667,79.604,6.1706666666666665,-14.751333333333333,71.02333333333333,91.11733333333332,162.14066666666668,1310.79,845.151,1331.573
2021-05-01,2020/21,4,May,0.0,6.927666666666667,79.604,6.1706666666666665,-14.751333333333333,71.02333333333333,91.11733333333332,162.14066666666668,1310.79,845.151,1331.573
2021-06-01,2021/22,1,Jun,548.7513333333333,8.382333333333333,79.046,0.29733333333333334,84.93366666666667,164.27700000000002,83.39466666666667,247.67166666666665,845.151,1773.537,2516.552
2021-07-01,2021/22,1,Jul,548.7513333333333,8.382333333333333,79.046,0.29733333333333334,84.93366666666667,164.27700000000002,83.39466666666667,247.67166666666665,845.151,1773.537,2516.552
2021-08-01,2021/22,1,Aug,548.7513333333333,8.382333333333333,79.046,0.29733333333333334,84.93366666666667,164.27700000000002,83.39466666666667,247.67166666666665,845.151,1773.537,2516.552
2021-09-01,2021/22,2,Sep,0.0,8.049999999999999,82.89999999999999,13.38,-18.341666666666665,77.93833333333333,62.236333333333334,140.17466666666667,1773.537,1377.163,1797.687
2021-10-01,2021/22,2,Oct,0.0,8.049999999999999,82.89999999999999,13.38,-18.341666666666665,77.93833333333333,62.236333333333334,140.17466666666667,1773.537,1377.163,1797.687
2021-11-01,2021/22,2,Nov,0.0,8.049999999999999,82.89999999999999,13.38,-18.341666666666665,77.93833333333333,62.236333333333334,140.17466666666667,1773.537,1377.163,1797.687
2021-12-01,2021/22,3,Dec,0.0,7.210999999999999,78.85133333333333,0.8693333333333334,-16.774333333333335,62.946333333333335,60.263,123.20933333333333,1377.163,1029.168,1398.796
2022-01-01,2021/22,3,Jan,0.0,7.210999999999999,78.85133333333333,0.8693333333333334,-16.774333333333335,62.946333333333335,60.263,123.20933333333333,1377.163,1029.168,1398.796
2022-02-01,2021/22,3,Feb,0.0,7.210999999999999,78.85133333333333,0.8693333333333334,-16.774333333333335,62.946333333333335,60.263,123.20933333333333,1377.163,1029.168,1398.796
2022-03-01,2021/22,4,Mar,0.0,8.407666666666666,83.011,4.6866666666666665,-20.393333333333334,67.30433333333333,59.349,126.65333333333332,1029.168,674.431,1054.391
2022-04-01,2021/22,4,Apr,0.0,8.407666666666666,83.011,4.6866666666666665,-20.393333333333334,67.30433333333333,59.349,126.65333333333332,1029.168,674.431,1054.391
2022-05-01,2021/22,4,May,0.0,8.407666666666666,83.011,4.6866666666666665,-20.393333333333334,67.30433333333333,59.349,126.65333333333332,1029.168,674.431,1054.391
2022-06-01,2022/23,1,Jun,549.9043333333333,10.977333333333334,82.29466666666666,1.5979999999999999,40.005,123.89766666666667,69.51466666666667,193.41233333333332,674.431,1776.839,2357.076
2022-07-01,2022/23,1,Jul,549.9043333333333,10.977333333333334,82.29466666666666,1.5979999999999999,40.005,123.89766666666667,69.51466666666667,193.41233333333332,674.431,1776.839,2357.076
2022-08-01,2022/23,1,Aug,549.9043333333333,10.977333333333334,82.29466666666666,1.5979999999999999,40.005,123.89766666666667,69.51466666666667,193.41233333333332,674.431,1776.839,2357.076
2022-09-01,2022/23,2,Sep,0.0,9.136666666666667,83.209,15.506333333333332,-4.439333333333333,94.276,69.86366666666667,164.13966666666667,1776.839,1311.83,1804.249
2022-10-01,2022/23,2,Oct,0.0,9.136666666666667,83.209,15.506333333333332,-4.439333333333333,94.276,69.86366666666667,164.13966666666667,1776.839,1311.83,1804.249
2022-11-01,2022/23,2,Nov,0.0,9.136666666666667,83.209,15.506333333333332,-4.439333333333333,94.276,69.86366666666667,164.13966666666667,1776.839,1311.83,1804.249
2022-12-01,2022/23,3,Dec,0.0,10.656,77.89,0.25766666666666665,-4.498,73.64966666666668,60.54366666666667,134.19333333333333,1311.83,941.218,1343.798
2023-01-01,2022/23,3,Jan,0.0,10.656,77.89,0.25766666666666665,-4.498,73.64966666666668,60.54366666666667,134.19333333333333,1311.83,941.218,1343.798
2023-02-01,2022/23,3,Feb,0.0,10.656,77.89,0.25766666666666665,-4.498,73.64966666666668,60.54366666666667,134.19333333333333,1311.83,941.218,1343.798
2023-03-01,2022/23,4,Mar,0.0,9.758666666666667,80.49900000000001,5.427666666666667,-6.257666666666666,79.669,53.973000000000006,133.642,941.218,569.568,970.494
2023-04-01,2022/23,4,Apr,0.0,9.758666666666667,80.49900000000001,5.427666666666667,-6.257666666666666,79.669,53.973000000000006,133.642,941.218,569.568,970.494
2023-05-01,2022/23,4,May,0.0,9.758666666666667,80.49900000000001,5.427666666666667,-6.257666666666666,79.669,53.973000000000006,133.642,941.218,569.568,970.494
2023-06-01,2023/24,1,Jun,601.314,11.990333333333332,79.61533333333334,0.9716666666666667,80.00633333333333,160.59333333333333,53.52666666666667,214.12,569.568,1767.121,2409.481
2023-07-01,2023/24,1,Jul,601.314,11.990333333333332,79.61533333333334,0.9716666666666667,80.00633333333333,160.59333333333333,53.52666666666667,214.12,569.568,1767.121,2409.481
2023-08-01,2023/24,1,Aug,601.314,11.990333333333332,79.61533333333334,0.9716666666666667,80.00633333333333,160.59333333333333,53.52666666666667,214.12,569.568,1767.121,2409.481
2023-09-01,2023/24,2,Sep,0.0,12.234666666666667,81.37333333333333,13.702333333333334,-19.131,75.94466666666666,51.63733333333334,127.582,1767.121,1421.079,1803.825
2023-10-01,2023/24,2,Oct,0.0,12.234666666666667,81.37333333333333,13.702333333333334,-19.131,75.94466666666666,51.63733333333334,127.582,1767.121,1421.079,1803.825
2023-11-01,2023/24,2,Nov,0.0,12.234666666666667,81.37333333333333,13.702333333333334,-19.131,75.94466666666666,51.63733333333334,127.582,1767.121,1421.079,1803.825
2023-12-01,2023/24,3,Dec,0.0,10.959666666666665,77.81633333333333,0.4203333333333333,-16.672,61.56466666666666,60.185,121.74966666666667,1421.079,1088.709,1453.958
2024-01-01,2023/24,3,Jan,0.0,10.959666666666665,77.81633333333333,0.4203333333333333,-16.672,61.56466666666666,60.185,121.74966666666667,1421.079,1088.709,1453.958
2024-02-01,2023/24,3,Feb,0.0,10.959666666666665,77.81633333333333,0.4203333333333333,-16.672,61.56466666666666,60.185,121.74966666666667,1421.079,1088.709,1453.958
2024-03-01,2023/24,4,Mar,0.0,10.867333333333333,81.66266666666667,5.587666666666667,-15.936333333333332,71.31400000000001,70.31166666666667,141.62566666666666,1088.709,696.434,1121.311
2024-04-01,2023/24,4,Apr,0.0,10.867333333333333,81.66266666666667,5.587666666666667,-15.936333333333332,71.31400000000001,70.31166666666667,141.62566666666666,1088.709,696.434,1121.311
2024-05-01,2023/24,4,May,0.0,10.867333333333333,81.66266666666667,5.587666666666667,-15.936333333333332,71.31400000000001,70.31166666666667,141.62566666666666,1088.709,696.434,1121.311
2024-06-01,2024/25,1,Jun,657.1003333333333,10.189,80.74,0.7003333333333334,80.57166666666667,162.012,73.36966666666667,235.38166666666666,696.434,1992.157,2698.302
2024-07-01,2024/25,1,Jul,657.1003333333333,10.189,80.74,0.7003333333333334,80.57166666666667,162.012,73.36966666666667,235.38166666666666,696.434,1992.157,2698.302
2024-08-01,2024/25,1,Aug,657.1003333333333,10.189,80.74,0.7003333333333334,80.57166666666667,162.012,73.36966666666667,235.38166666666666,696.434,1992.157,2698.302
2024-09-01,2024/25,2,Sep,0.0,12.263,83.04533333333333,13.556333333333333,-9.496666666666666,87.105,64.88233333333334,151.98733333333334,1992.157,1572.984,2028.946
2024-10-01,2024/25,2,Oct,0.0,12.263,83.04533333333333,13.556333333333333,-9.496666666666666,87.105,64.88233333333334,151.98733333333334,1992.157,1572.984,2028.946
2024-11-01,2024/25,2,Nov,0.0,12.263,83.04533333333333,13.556333333333333,-9.496666666666666,87.105,64.88233333333334,151.98733333333334,1992.157,1572.984,2028.946
2024-12-01,2024/25,3,Dec,0.0,16.092333333333332,78.0,0.709,-10.147666666666668,68.56133333333334,59.544000000000004,128.10533333333333,1572.984,1236.945,1621.261
2025-01-01,2024/25,3,Jan,0.0,16.092333333333332,78.0,0.709,-10.147666666666668,68.56133333333334,59.544000000000004,128.10533333333333,1572.984,1236.945,1621.261
2025-02-01,2024/25,3,Feb,0.0,16.092333333333332,78.0,0.709,-10.147666666666668,68.56133333333334,59.544000000000004,128.10533333333333,1572.984,1236.945,1621.261
